{
"lengthUnit": "mil",
"remark": [],
"components": {
	"fields": ["COMPONENT_NO", "COMPONENT_NAME", "LAYER", "X_COORDINATE", "Y_COORDINATE", "ANGLE"],
	"rows": [
		[1, "C1", "B", 1061.0005, 162.9965, 90],
		[2, "C2", "B", 1428.706, 244, 0],
		[3, "C3", "B", 1131.0005, 162.9965, 90],
		[4, "C4", "B", 1428.706, 174, 0],
		[5, "C5", "B", 1116, 562, 270],
		[6, "CN1", "B", 1818, 394, 270],
		[7, "D1", "B", 1366, 346, 180],
		[8, "H1", "B", 2638, 90, 180],
		[9, "L1", "B", 1112, 346, 0],
		[10, "LED1", "B", 774, 716, 270],
		[11, "LED2", "B", 1370.205, 716.328, 270],
		[12, "LED3", "B", 1294.1367, 716.328, 270],
		[13, "LED4", "B", 1218.0683, 716.328, 270],
		[14, "LED5", "B", 1142, 716, 270],
		[15, "Q1", "B", 928, 176, 180],
		[16, "Q2", "B", 2712, 582, 90],
		[17, "R1", "B", 1430.9, 88, 0],
		[18, "R2", "B", 1416, 560, 90],
		[19, "R3", "B", 2610, 592, 90],
		[20, "R4", "B", 1298, 88, 0],
		[21, "R5", "B", 788, 138, 0],
		[22, "R6", "B", 1040, 562, 90],
		[23, "SW1", "B", 528, 594, 0],
		[24, "SW2", "B", 940, 714, 180],
		[25, "T1", "T", 118.1102, 118.1102, 0],
		[26, "T2", "T", 118.1102, 669.2913, 0],
		[27, "T3", "T", 3031.4961, 118.1102, 0],
		[28, "T4", "T", 3031.4961, 669.2913, 0],
		[29, "U1", "T", 467.5197, 393.7013, 0],
		[30, "U2", "B", 1268, 196, 0],
		[31, "U3", "B", 2060, 398, 270],
		[32, "U4", "T", 2682.0866, 393.7013, 180],
		[33, "U5", "B", 1240, 564, 180],
		[34, "PAD1", "T", 802.1647, 393.7013, 0],
		[35, "PAD2", "T", 132.8747, 393.7013, 0],
		[36, "PAD3", "B", 1061.0005, 190.5565, 0],
		[37, "PAD4", "B", 1061.0005, 135.4365, 0],
		[38, "PAD5", "B", 1456.266, 174, 0],
		[39, "PAD6", "B", 1401.146, 174, 0],
		[40, "PAD7", "B", 1669.38, 494, 0],
		[41, "PAD8", "B", 1669.38, 394, 0],
		[42, "PAD9", "B", 1966.62, 619.98, 0],
		[43, "PAD10", "B", 1669.38, 294, 0],
		[44, "PAD11", "B", 1966.62, 168.02, 0],
		[45, "PAD12", "B", 1023.59, 346, 0],
		[46, "PAD13", "B", 1200.41, 346, 0],
		[47, "PAD14", "B", 2674.6, 621.37, 0],
		[48, "PAD15", "B", 2749.4, 621.37, 0],
		[49, "PAD16", "B", 2712, 542.63, 0],
		[50, "PAD17", "B", 1460.56, 88, 0],
		[51, "PAD18", "B", 1401.24, 88, 0],
		[52, "PAD19", "B", 1327.66, 88, 0],
		[53, "PAD20", "B", 1268.34, 88, 0],
		[54, "PAD21", "B", 527.995, 594, 0],
		[55, "PAD22", "B", 626.425, 594, 0],
		[56, "PAD23", "B", 429.575, 594, 0],
		[57, "PAD24", "B", 1321.15, 158.6, 0],
		[58, "PAD25", "B", 1321.15, 196, 0],
		[59, "PAD26", "B", 1321.15, 233.4, 0],
		[60, "PAD27", "B", 1214.85, 196, 0],
		[61, "PAD28", "B", 1214.85, 158.6, 0],
		[62, "PAD29", "B", 1947.795, 476.74, 0],
		[63, "PAD30", "B", 1947.795, 398, 0],
		[64, "PAD31", "B", 1947.795, 319.26, 0],
		[65, "PAD32", "B", 2172.205, 569.26, 0],
		[66, "PAD33", "B", 2172.205, 226.74, 0],
		[67, "PAD34", "B", 1005.94, 677.88, 0],
		[68, "PAD35", "B", 874.05, 677.88, 0],
		[69, "PAD36", "B", 1186.85, 601.4, 0],
		[70, "PAD37", "B", 1186.85, 564, 0],
		[71, "PAD38", "B", 1186.85, 526.6, 0],
		[72, "PAD39", "B", 1293.15, 526.6, 0],
		[73, "PAD40", "B", 1293.15, 564, 0],
		[74, "PAD41", "B", 1293.15, 601.4, 0],
		[75, "PAD42", "T", 2347.4416, 393.7013, 0],
		[76, "PAD43", "T", 3016.7316, 393.7013, 0],
		[77, "PAD44", "B", 1456.266, 244, 0],
		[78, "PAD45", "B", 1401.146, 244, 0],
		[79, "PAD46", "B", 1131.0005, 190.5565, 0],
		[80, "PAD47", "B", 1131.0005, 135.4365, 0],
		[81, "PAD48", "B", 1116, 534.44, 0],
		[82, "PAD49", "B", 1116, 589.56, 0],
		[83, "PAD50", "B", 1279.39, 346, 0],
		[84, "PAD51", "B", 1452.61, 346, 0],
		[85, "PAD52", "T", 2738, 90, 0],
		[86, "PAD52", "B", 2738, 90, 0],
		[87, "PAD53", "T", 2638, 90, 0],
		[88, "PAD53", "B", 2638, 90, 0],
		[89, "PAD54", "T", 2538, 90, 0],
		[90, "PAD54", "B", 2538, 90, 0],
		[91, "PAD55", "B", 774, 682.5, 0],
		[92, "PAD56", "B", 774, 749.5, 0],
		[93, "PAD57", "B", 1370.205, 682.828, 0],
		[94, "PAD58", "B", 1370.205, 749.828, 0],
		[95, "PAD59", "B", 1294.1367, 682.828, 0],
		[96, "PAD60", "B", 1294.1367, 749.828, 0],
		[97, "PAD61", "B", 1218.0683, 682.828, 0],
		[98, "PAD62", "B", 1218.0683, 749.828, 0],
		[99, "PAD63", "B", 1142, 682.5, 0],
		[100, "PAD64", "B", 1142, 749.5, 0],
		[101, "PAD65", "B", 888.63, 138.6, 0],
		[102, "PAD66", "B", 888.63, 213.4, 0],
		[103, "PAD67", "B", 967.37, 176, 0],
		[104, "PAD68", "B", 1416, 589.66, 0],
		[105, "PAD69", "B", 1416, 530.34, 0],
		[106, "PAD70", "B", 2610, 621.66, 0],
		[107, "PAD71", "B", 2610, 562.34, 0],
		[108, "PAD72", "B", 817.66, 138, 0],
		[109, "PAD73", "B", 758.34, 138, 0],
		[110, "PAD74", "B", 1040, 591.66, 0],
		[111, "PAD75", "B", 1040, 532.34, 0]
	]
},
"pins": {
	"fields": ["PIN_NO", "PIN_NAME", "PIN_X", "PIN_Y", "LAYER", "PIN_TYPE", "NET_NAME", "NET_TYPE", "PAD_SHAPE", "PAD_SIZEX", "PAD_SIZEY", "HOLE_SIZE", "HOLE_LEN", "PAD_ANGLE"],
	"rows": [
		[1, "C1_1", 1061.0005, 135.4365, "B", "SMD", "PGND", "", "R", 31.496, 35.433, 0, 0, 90],
		[2, "C1_2", 1061.0005, 190.5565, "B", "SMD", "VBAT", "", "R", 31.496, 35.433, 0, 0, 90],
		[3, "C2_1", 1401.146, 244, "B", "SMD", "PGND", "", "R", 31.496, 35.433, 0, 0, 0],
		[4, "C2_2", 1456.266, 244, "B", "SMD", "+5V", "", "R", 31.496, 35.433, 0, 0, 0],
		[5, "C3_1", 1131.0005, 135.4365, "B", "SMD", "PGND", "", "R", 31.496, 35.433, 0, 0, 90],
		[6, "C3_2", 1131.0005, 190.5565, "B", "SMD", "VBAT", "", "R", 31.496, 35.433, 0, 0, 90],
		[7, "C4_1", 1401.146, 174, "B", "SMD", "PGND", "", "R", 31.496, 35.433, 0, 0, 0],
		[8, "C4_2", 1456.266, 174, "B", "SMD", "+5V", "", "R", 31.496, 35.433, 0, 0, 0],
		[9, "C5_1", 1116, 589.56, "B", "SMD", "PGND", "", "R", 31.496, 35.433, 0, 0, 270],
		[10, "C5_2", 1116, 534.44, "B", "SMD", "$1N6809", "", "R", 31.496, 35.433, 0, 0, 270],
		[11, "CN1_1", 1669.38, 494, "B", "SMD", "PGND", "", "R", 47.244, 157.48, 0, 0, 270],
		[12, "CN1_2", 1669.38, 394, "B", "SMD", "VBAT", "", "R", 47.244, 157.48, 0, 0, 270],
		[13, "CN1_3", 1669.38, 294, "B", "SMD", "+5V", "", "R", 47.244, 157.48, 0, 0, 270],
		[14, "CN1_4", 1966.62, 619.98, "B", "SMD", "PGND", "", "R", 70.866, 153.543, 0, 0, 270],
		[15, "CN1_5", 1966.62, 168.02, "B", "SMD", "PGND", "", "R", 70.866, 153.543, 0, 0, 270],
		[16, "D1_1", 1452.61, 346, "B", "SMD", "+5V", "", "R", 78.74, 78.74, 0, 0, 0],
		[17, "D1_2", 1279.39, 346, "B", "SMD", "$1N1620", "", "R", 78.74, 78.74, 0, 0, 0],
		[18, "H1_1", 2738, 90, "T", "DIP", "PGND", "", "R", 66.929, 66.929, 43.308, 43.308, 180],
		[19, "H1_1", 2738, 90, "B", "DIP", "PGND", "", "R", 66.929, 66.929, 43.308, 43.308, 180],
		[20, "H1_2", 2638, 90, "T", "DIP", "VBAT", "", "C", 66.929, 66.929, 43.308, 43.308, 180],
		[21, "H1_2", 2638, 90, "B", "DIP", "VBAT", "", "C", 66.929, 66.929, 43.308, 43.308, 180],
		[22, "H1_3", 2538, 90, "T", "DIP", "+5V", "", "C", 66.929, 66.929, 43.308, 43.308, 180],
		[23, "H1_3", 2538, 90, "B", "DIP", "+5V", "", "C", 66.929, 66.929, 43.308, 43.308, 180],
		[24, "L1_1", 1023.59, 346, "B", "SMD", "VBAT", "", "R", 59.055, 98.425, 0, 0, 0],
		[25, "L1_2", 1200.41, 346, "B", "SMD", "$1N1620", "", "R", 59.055, 98.425, 0, 0, 0],
		[26, "LED1_1", 774, 682.5, "B", "SMD", "PGND", "", "R", 31.496, 31.496, 0, 0, 180],
		[27, "LED1_2", 774, 749.5, "B", "SMD", "$1N1863", "", "R", 31.496, 31.496, 0, 0, 180],
		[28, "LED2_1", 1370.205, 682.828, "B", "SMD", "$1N7053", "", "R", 31.496, 31.496, 0, 0, 180],
		[29, "LED2_2", 1370.205, 749.828, "B", "SMD", "$1N7050", "", "R", 31.496, 31.496, 0, 0, 180],
		[30, "LED3_1", 1294.1367, 682.828, "B", "SMD", "$1N7097", "", "R", 31.496, 31.496, 0, 0, 180],
		[31, "LED3_2", 1294.1367, 749.828, "B", "SMD", "$1N7050", "", "R", 31.496, 31.496, 0, 0, 180],
		[32, "LED4_1", 1218.0683, 682.828, "B", "SMD", "$1N7103", "", "R", 31.496, 31.496, 0, 0, 180],
		[33, "LED4_2", 1218.0683, 749.828, "B", "SMD", "$1N7050", "", "R", 31.496, 31.496, 0, 0, 180],
		[34, "LED5_1", 1142, 682.5, "B", "SMD", "$1N7109", "", "R", 31.496, 31.496, 0, 0, 180],
		[35, "LED5_2", 1142, 749.5, "B", "SMD", "$1N7050", "", "R", 31.496, 31.496, 0, 0, 180],
		[36, "Q1_1", 888.63, 138.6, "B", "SMD", "$1N5684", "", "R", 49.213, 27.559, 0, 0, 180],
		[37, "Q1_2", 888.63, 213.4, "B", "SMD", "BAT_LEVEL", "", "R", 49.213, 27.559, 0, 0, 180],
		[38, "Q1_3", 967.37, 176, "B", "SMD", "VBAT", "", "R", 49.213, 27.559, 0, 0, 180],
		[39, "Q2_1", 2674.6, 621.37, "B", "SMD", "$1N2986", "", "R", 49.213, 27.559, 0, 0, 90],
		[40, "Q2_2", 2749.4, 621.37, "B", "SMD", "PGND", "", "R", 49.213, 27.559, 0, 0, 90],
		[41, "Q2_3", 2712, 542.63, "B", "SMD", "$1N191", "", "R", 49.213, 27.559, 0, 0, 90],
		[42, "R1_1", 1401.24, 88, "B", "SMD", "$1N1621", "", "R", 31.751, 34.016, 0, 0, 0],
		[43, "R1_2", 1460.56, 88, "B", "SMD", "+5V", "", "R", 31.751, 34.016, 0, 0, 0],
		[44, "R2_1", 1416, 530.34, "B", "SMD", "+5V", "", "R", 31.751, 34.016, 0, 0, 90],
		[45, "R2_2", 1416, 589.66, "B", "SMD", "$1N1863", "", "R", 31.751, 34.016, 0, 0, 90],
		[46, "R3_1", 2610, 562.34, "B", "SMD", "$1N2986", "", "R", 31.751, 34.016, 0, 0, 90],
		[47, "R3_2", 2610, 621.66, "B", "SMD", "BAT_LEVEL", "", "R", 31.751, 34.016, 0, 0, 90],
		[48, "R4_1", 1268.34, 88, "B", "SMD", "PGND", "", "R", 31.751, 34.016, 0, 0, 0],
		[49, "R4_2", 1327.66, 88, "B", "SMD", "$1N1621", "", "R", 31.751, 34.016, 0, 0, 0],
		[50, "R5_1", 758.34, 138, "B", "SMD", "$1N5740", "", "R", 31.751, 34.016, 0, 0, 0],
		[51, "R5_2", 817.66, 138, "B", "SMD", "$1N5684", "", "R", 31.751, 34.016, 0, 0, 0],
		[52, "R6_1", 1040, 532.34, "B", "SMD", "$1N6809", "", "R", 31.751, 34.016, 0, 0, 90],
		[53, "R6_2", 1040, 591.66, "B", "SMD", "$1N7050", "", "R", 31.751, 34.016, 0, 0, 90],
		[54, "SW1_1", 429.575, 594, "B", "SMD", "BAT_LEVEL", "", "R", 96.457, 47.244, 0, 0, 270],
		[55, "SW1_2", 527.995, 594, "B", "SMD", "$1N5740", "", "R", 96.457, 47.244, 0, 0, 270],
		[56, "SW1_3", 626.425, 594, "B", "SMD", "PGND", "", "R", 96.457, 47.244, 0, 0, 270],
		[57, "SW2_1", 1005.94, 677.88, "B", "SMD", "$1N6809", "", "R", 31.496, 55.118, 0, 0, 180],
		[58, "SW2_2", 874.05, 677.88, "B", "SMD", "BAT_LEVEL", "", "R", 31.496, 55.118, 0, 0, 180],
		[59, "SW2_3", 1028.58, 750.12, "B", "SMD", "NET_1", "", "R", 31.496, 47.244, 0, 0, 180],
		[60, "SW2_4", 851.42, 750.12, "B", "SMD", "NET_2", "", "R", 31.496, 47.244, 0, 0, 180],
		[61, "T1_1", 118.1102, 118.1102, "T", "DIP", "NET_3", "", "C", 78.7402, 78.7402, 78.7402, 78.7402, 0],
		[62, "T1_1", 118.1102, 118.1102, "B", "DIP", "NET_3", "", "C", 78.7402, 78.7402, 78.7402, 78.7402, 0],
		[63, "T2_1", 118.1102, 669.2913, "T", "DIP", "NET_4", "", "C", 78.7402, 78.7402, 78.7402, 78.7402, 0],
		[64, "T2_1", 118.1102, 669.2913, "B", "DIP", "NET_4", "", "C", 78.7402, 78.7402, 78.7402, 78.7402, 0],
		[65, "T3_1", 3031.4961, 118.1102, "T", "DIP", "NET_5", "", "C", 78.7402, 78.7402, 78.7402, 78.7402, 0],
		[66, "T3_1", 3031.4961, 118.1102, "B", "DIP", "NET_5", "", "C", 78.7402, 78.7402, 78.7402, 78.7402, 0],
		[67, "T4_1", 3031.4961, 669.2913, "T", "DIP", "NET_6", "", "C", 78.7402, 78.7402, 78.7402, 78.7402, 0],
		[68, "T4_1", 3031.4961, 669.2913, "B", "DIP", "NET_6", "", "C", 78.7402, 78.7402, 78.7402, 78.7402, 0],
		[69, "U1_1", 132.8747, 393.7013, "T", "SMD", "BAT_LEVEL", "", "R", 196.85, 137.795, 0, 0, 0],
		[70, "U1_2", 802.1647, 393.7013, "T", "SMD", "BAT_LEVEL", "", "R", 196.85, 216.535, 0, 0, 0],
		[71, "U2_1", 1321.15, 233.4, "B", "SMD", "$1N1620", "", "R", 43.307, 23.622, 0, 0, 0],
		[72, "U2_2", 1321.15, 196, "B", "SMD", "PGND", "", "R", 43.307, 23.622, 0, 0, 0],
		[73, "U2_3", 1321.15, 158.6, "B", "SMD", "$1N1621", "", "R", 43.307, 23.622, 0, 0, 0],
		[74, "U2_4", 1214.85, 158.6, "B", "SMD", "VBAT", "", "R", 43.307, 23.622, 0, 0, 0],
		[75, "U2_5", 1214.85, 196, "B", "SMD", "VBAT", "", "R", 43.307, 23.622, 0, 0, 0],
		[76, "U2_6", 1214.85, 233.4, "B", "SMD", "NET_7", "", "R", 43.307, 23.622, 0, 0, 0],
		[77, "U3_1", 1947.795, 476.74, "B", "SMD", "PGND", "", "R", 39.37, 137.795, 0, 0, 270],
		[78, "U3_2", 1947.795, 398, "B", "SMD", "VBAT", "", "R", 39.37, 137.795, 0, 0, 270],
		[79, "U3_3", 1947.795, 319.26, "B", "SMD", "+5V", "", "R", 39.37, 137.795, 0, 0, 270],
		[80, "U3_4", 2172.205, 226.74, "B", "SMD", "PGND", "", "R", 59.055, 137.795, 0, 0, 270],
		[81, "U3_5", 2172.205, 569.26, "B", "SMD", "PGND", "", "R", 59.055, 137.795, 0, 0, 270],
		[82, "U4_1", 3016.7316, 393.7013, "T", "SMD", "$1N191", "", "R", 196.85, 137.795, 0, 0, 180],
		[83, "U4_2", 2347.4416, 393.7013, "T", "SMD", "$1N191", "", "R", 196.85, 216.535, 0, 0, 180],
		[84, "U5_1", 1186.85, 526.6, "B", "SMD", "$1N6809", "", "R", 43.307, 23.622, 0, 0, 180],
		[85, "U5_2", 1186.85, 564, "B", "SMD", "PGND", "", "R", 43.307, 23.622, 0, 0, 180],
		[86, "U5_3", 1186.85, 601.4, "B", "SMD", "$1N7109", "", "R", 43.307, 23.622, 0, 0, 180],
		[87, "U5_4", 1293.15, 601.4, "B", "SMD", "$1N7103", "", "R", 43.307, 23.622, 0, 0, 180],
		[88, "U5_5", 1293.15, 564, "B", "SMD", "$1N7097", "", "R", 43.307, 23.622, 0, 0, 180],
		[89, "U5_6", 1293.15, 526.6, "B", "SMD", "$1N7053", "", "R", 43.307, 23.622, 0, 0, 180],
		[90, "PAD1_2", 802.1647, 393.7013, "T", "SMD", "BAT_LEVEL", "", "R", 196.85, 216.535, 0, 0, 0],
		[91, "PAD2_1", 132.8747, 393.7013, "T", "SMD", "BAT_LEVEL", "", "R", 196.85, 137.795, 0, 0, 0],
		[92, "PAD3_2", 1061.0005, 190.5565, "B", "SMD", "VBAT", "", "R", 31.496, 35.433, 0, 0, 90],
		[93, "PAD4_1", 1061.0005, 135.4365, "B", "SMD", "PGND", "", "R", 31.496, 35.433, 0, 0, 90],
		[94, "PAD5_2", 1456.266, 174, "B", "SMD", "+5V", "", "R", 31.496, 35.433, 0, 0, 0],
		[95, "PAD6_1", 1401.146, 174, "B", "SMD", "PGND", "", "R", 31.496, 35.433, 0, 0, 0],
		[96, "PAD7_1", 1669.38, 494, "B", "SMD", "PGND", "", "R", 47.244, 157.48, 0, 0, 270],
		[97, "PAD8_2", 1669.38, 394, "B", "SMD", "VBAT", "", "R", 47.244, 157.48, 0, 0, 270],
		[98, "PAD9_4", 1966.62, 619.98, "B", "SMD", "PGND", "", "R", 70.866, 153.543, 0, 0, 270],
		[99, "PAD10_3", 1669.38, 294, "B", "SMD", "+5V", "", "R", 47.244, 157.48, 0, 0, 270],
		[100, "PAD11_5", 1966.62, 168.02, "B", "SMD", "PGND", "", "R", 70.866, 153.543, 0, 0, 270],
		[101, "PAD12_1", 1023.59, 346, "B", "SMD", "VBAT", "", "R", 59.055, 98.425, 0, 0, 0],
		[102, "PAD13_2", 1200.41, 346, "B", "SMD", "$1N1620", "", "R", 59.055, 98.425, 0, 0, 0],
		[103, "PAD14_1", 2674.6, 621.37, "B", "SMD", "$1N2986", "", "R", 49.213, 27.559, 0, 0, 90],
		[104, "PAD15_2", 2749.4, 621.37, "B", "SMD", "PGND", "", "R", 49.213, 27.559, 0, 0, 90],
		[105, "PAD16_3", 2712, 542.63, "B", "SMD", "$1N191", "", "R", 49.213, 27.559, 0, 0, 90],
		[106, "PAD17_2", 1460.56, 88, "B", "SMD", "+5V", "", "R", 31.751, 34.016, 0, 0, 0],
		[107, "PAD18_1", 1401.24, 88, "B", "SMD", "$1N1621", "", "R", 31.751, 34.016, 0, 0, 0],
		[108, "PAD19_2", 1327.66, 88, "B", "SMD", "$1N1621", "", "R", 31.751, 34.016, 0, 0, 0],
		[109, "PAD20_1", 1268.34, 88, "B", "SMD", "PGND", "", "R", 31.751, 34.016, 0, 0, 0],
		[110, "PAD21_2", 527.995, 594, "B", "SMD", "$1N5740", "", "R", 96.457, 47.244, 0, 0, 270],
		[111, "PAD22_3", 626.425, 594, "B", "SMD", "PGND", "", "R", 96.457, 47.244, 0, 0, 270],
		[112, "PAD23_1", 429.575, 594, "B", "SMD", "BAT_LEVEL", "", "R", 96.457, 47.244, 0, 0, 270],
		[113, "PAD24_3", 1321.15, 158.6, "B", "SMD", "$1N1621", "", "R", 43.307, 23.622, 0, 0, 0],
		[114, "PAD25_2", 1321.15, 196, "B", "SMD", "PGND", "", "R", 43.307, 23.622, 0, 0, 0],
		[115, "PAD26_1", 1321.15, 233.4, "B", "SMD", "$1N1620", "", "R", 43.307, 23.622, 0, 0, 0],
		[116, "PAD27_5", 1214.85, 196, "B", "SMD", "VBAT", "", "R", 43.307, 23.622, 0, 0, 0],
		[117, "PAD28_4", 1214.85, 158.6, "B", "SMD", "VBAT", "", "R", 43.307, 23.622, 0, 0, 0],
		[118, "PAD29_1", 1947.795, 476.74, "B", "SMD", "PGND", "", "R", 39.37, 137.795, 0, 0, 270],
		[119, "PAD30_2", 1947.795, 398, "B", "SMD", "VBAT", "", "R", 39.37, 137.795, 0, 0, 270],
		[120, "PAD31_3", 1947.795, 319.26, "B", "SMD", "+5V", "", "R", 39.37, 137.795, 0, 0, 270],
		[121, "PAD32_5", 2172.205, 569.26, "B", "SMD", "PGND", "", "R", 59.055, 137.795, 0, 0, 270],
		[122, "PAD33_4", 2172.205, 226.74, "B", "SMD", "PGND", "", "R", 59.055, 137.795, 0, 0, 270],
		[123, "PAD34_1", 1005.94, 677.88, "B", "SMD", "$1N6809", "", "R", 31.496, 55.118, 0, 0, 180],
		[124, "PAD35_2", 874.05, 677.88, "B", "SMD", "BAT_LEVEL", "", "R", 31.496, 55.118, 0, 0, 180],
		[125, "PAD36_3", 1186.85, 601.4, "B", "SMD", "$1N7109", "", "R", 43.307, 23.622, 0, 0, 180],
		[126, "PAD37_2", 1186.85, 564, "B", "SMD", "PGND", "", "R", 43.307, 23.622, 0, 0, 180],
		[127, "PAD38_1", 1186.85, 526.6, "B", "SMD", "$1N6809", "", "R", 43.307, 23.622, 0, 0, 180],
		[128, "PAD39_6", 1293.15, 526.6, "B", "SMD", "$1N7053", "", "R", 43.307, 23.622, 0, 0, 180],
		[129, "PAD40_5", 1293.15, 564, "B", "SMD", "$1N7097", "", "R", 43.307, 23.622, 0, 0, 180],
		[130, "PAD41_4", 1293.15, 601.4, "B", "SMD", "$1N7103", "", "R", 43.307, 23.622, 0, 0, 180],
		[131, "PAD42_2", 2347.4416, 393.7013, "T", "SMD", "$1N191", "", "R", 196.85, 216.535, 0, 0, 180],
		[132, "PAD43_1", 3016.7316, 393.7013, "T", "SMD", "$1N191", "", "R", 196.85, 137.795, 0, 0, 180],
		[133, "PAD44_2", 1456.266, 244, "B", "SMD", "+5V", "", "R", 31.496, 35.433, 0, 0, 0],
		[134, "PAD45_1", 1401.146, 244, "B", "SMD", "PGND", "", "R", 31.496, 35.433, 0, 0, 0],
		[135, "PAD46_2", 1131.0005, 190.5565, "B", "SMD", "VBAT", "", "R", 31.496, 35.433, 0, 0, 90],
		[136, "PAD47_1", 1131.0005, 135.4365, "B", "SMD", "PGND", "", "R", 31.496, 35.433, 0, 0, 90],
		[137, "PAD48_2", 1116, 534.44, "B", "SMD", "$1N6809", "", "R", 31.496, 35.433, 0, 0, 270],
		[138, "PAD49_1", 1116, 589.56, "B", "SMD", "PGND", "", "R", 31.496, 35.433, 0, 0, 270],
		[139, "PAD50_2", 1279.39, 346, "B", "SMD", "$1N1620", "", "R", 78.74, 78.74, 0, 0, 0],
		[140, "PAD51_1", 1452.61, 346, "B", "SMD", "+5V", "", "R", 78.74, 78.74, 0, 0, 0],
		[141, "PAD52_1", 2738, 90, "T", "DIP", "PGND", "", "R", 66.929, 66.929, 43.308, 43.308, 180],
		[142, "PAD52_1", 2738, 90, "B", "DIP", "PGND", "", "R", 66.929, 66.929, 43.308, 43.308, 180],
		[143, "PAD53_2", 2638, 90, "T", "DIP", "VBAT", "", "C", 66.929, 66.929, 43.308, 43.308, 180],
		[144, "PAD53_2", 2638, 90, "B", "DIP", "VBAT", "", "C", 66.929, 66.929, 43.308, 43.308, 180],
		[145, "PAD54_3", 2538, 90, "T", "DIP", "+5V", "", "C", 66.929, 66.929, 43.308, 43.308, 180],
		[146, "PAD54_3", 2538, 90, "B", "DIP", "+5V", "", "C", 66.929, 66.929, 43.308, 43.308, 180],
		[147, "PAD55_1", 774, 682.5, "B", "SMD", "PGND", "", "R", 31.496, 31.496, 0, 0, 180],
		[148, "PAD56_2", 774, 749.5, "B", "SMD", "$1N1863", "", "R", 31.496, 31.496, 0, 0, 180],
		[149, "PAD57_1", 1370.205, 682.828, "B", "SMD", "$1N7053", "", "R", 31.496, 31.496, 0, 0, 180],
		[150, "PAD58_2", 1370.205, 749.828, "B", "SMD", "$1N7050", "", "R", 31.496, 31.496, 0, 0, 180],
		[151, "PAD59_1", 1294.1367, 682.828, "B", "SMD", "$1N7097", "", "R", 31.496, 31.496, 0, 0, 180],
		[152, "PAD60_2", 1294.1367, 749.828, "B", "SMD", "$1N7050", "", "R", 31.496, 31.496, 0, 0, 180],
		[153, "PAD61_1", 1218.0683, 682.828, "B", "SMD", "$1N7103", "", "R", 31.496, 31.496, 0, 0, 180],
		[154, "PAD62_2", 1218.0683, 749.828, "B", "SMD", "$1N7050", "", "R", 31.496, 31.496, 0, 0, 180],
		[155, "PAD63_1", 1142, 682.5, "B", "SMD", "$1N7109", "", "R", 31.496, 31.496, 0, 0, 180],
		[156, "PAD64_2", 1142, 749.5, "B", "SMD", "$1N7050", "", "R", 31.496, 31.496, 0, 0, 180],
		[157, "PAD65_1", 888.63, 138.6, "B", "SMD", "$1N5684", "", "R", 49.213, 27.559, 0, 0, 180],
		[158, "PAD66_2", 888.63, 213.4, "B", "SMD", "BAT_LEVEL", "", "R", 49.213, 27.559, 0, 0, 180],
		[159, "PAD67_3", 967.37, 176, "B", "SMD", "VBAT", "", "R", 49.213, 27.559, 0, 0, 180],
		[160, "PAD68_2", 1416, 589.66, "B", "SMD", "$1N1863", "", "R", 31.751, 34.016, 0, 0, 90],
		[161, "PAD69_1", 1416, 530.34, "B", "SMD", "+5V", "", "R", 31.751, 34.016, 0, 0, 90],
		[162, "PAD70_2", 2610, 621.66, "B", "SMD", "BAT_LEVEL", "", "R", 31.751, 34.016, 0, 0, 90],
		[163, "PAD71_1", 2610, 562.34, "B", "SMD", "$1N2986", "", "R", 31.751, 34.016, 0, 0, 90],
		[164, "PAD72_2", 817.66, 138, "B", "SMD", "$1N5684", "", "R", 31.751, 34.016, 0, 0, 0],
		[165, "PAD73_1", 758.34, 138, "B", "SMD", "$1N5740", "", "R", 31.751, 34.016, 0, 0, 0],
		[166, "PAD74_2", 1040, 591.66, "B", "SMD", "$1N7050", "", "R", 31.751, 34.016, 0, 0, 90],
		[167, "PAD75_1", 1040, 532.34, "B", "SMD", "$1N6809", "", "R", 31.751, 34.016, 0, 0, 90]
	]
}
}