{
"lengthUnit": "mil",
"remark": [],
"components": {
	"fields": ["COMPONENT_NO", "COMPONENT_NAME", "LAYER", "X_COORDINATE", "Y_COORDINATE", "ANGLE"],
	"rows": [
		[1, "C1", "B", 335, 755, 180],
		[2, "C2", "B", 355, 670, 0],
		[3, "C3", "B", 355, 590, 0],
		[4, "C4", "B", 150, 935, 270],
		[5, "C5", "B", 390, 935, 270],
		[6, "C6", "B", 640, 670, 180],
		[7, "C7", "B", 640, 590, 180],
		[8, "C8", "B", 150, 1085, 270],
		[9, "C9", "B", 395, 1085, 270],
		[10, "C10", "B", 505, 670, 0],
		[11, "C11", "B", 505, 590, 0],
		[12, "FPC1", "T", 590, 475, 180],
		[13, "H1", "B", 589.7642, 210, 0],
		[14, "P1", "B", 1062.9921, 1259.8425, 180],
		[15, "P2", "B", 118.1102, 1259.8425, 180],
		[16, "R1", "B", 350, 830, 180],
		[17, "R2", "B", 415, 350, 180],
		[18, "R3", "B", 640, 750, 180],
		[19, "R4", "B", 505, 750, 0],
		[20, "U1", "B", 270, 944.9818, 180],
		[21, "U2", "B", 275, 1094.9817, 180],
		[22, "PAD1", "B", 590.5512, 1200, 0],
		[23, "PAD2", "T", 590.5512, 1200, 0],
		[24, "PAD3", "B", 382.24, 755, 0],
		[25, "PAD4", "B", 287.76, 755, 0],
		[26, "PAD5", "T", 1062.9921, 1259.8425, 0],
		[27, "PAD5", "B", 1062.9921, 1259.8425, 0],
		[28, "PAD6", "T", 118.1102, 1259.8425, 0],
		[29, "PAD6", "B", 118.1102, 1259.8425, 0],
		[30, "PAD7", "B", 321.185, 907.5818, 0],
		[31, "PAD8", "B", 218.815, 982.3818, 0],
		[32, "PAD9", "B", 218.815, 944.9818, 0],
		[33, "PAD10", "B", 218.815, 907.5818, 0],
		[34, "PAD11", "B", 326.185, 1057.5817, 0],
		[35, "PAD12", "B", 223.815, 1132.3817, 0],
		[36, "PAD13", "B", 223.815, 1094.9817, 0],
		[37, "PAD14", "B", 223.815, 1057.5817, 0],
		[38, "PAD15", "B", 382.56, 670, 0],
		[39, "PAD16", "B", 327.44, 670, 0],
		[40, "PAD17", "B", 382.56, 590, 0],
		[41, "PAD18", "B", 327.44, 590, 0],
		[42, "PAD19", "B", 150, 907.44, 0],
		[43, "PAD20", "B", 150, 962.56, 0],
		[44, "PAD21", "B", 390, 907.44, 0],
		[45, "PAD22", "B", 390, 962.56, 0],
		[46, "PAD23", "B", 612.44, 670, 0],
		[47, "PAD24", "B", 667.56, 670, 0],
		[48, "PAD25", "B", 612.44, 590, 0],
		[49, "PAD26", "B", 667.56, 590, 0],
		[50, "PAD27", "B", 150, 1057.44, 0],
		[51, "PAD28", "B", 150, 1112.56, 0],
		[52, "PAD29", "B", 395, 1057.44, 0],
		[53, "PAD30", "B", 395, 1112.56, 0],
		[54, "PAD31", "B", 532.56, 670, 0],
		[55, "PAD32", "B", 477.44, 670, 0],
		[56, "PAD33", "B", 532.56, 590, 0],
		[57, "PAD34", "B", 477.44, 590, 0],
		[58, "PAD35", "T", 777.015, 424.31, 0],
		[59, "PAD36", "T", 757.325, 424.31, 0],
		[60, "PAD37", "T", 737.645, 424.31, 0],
		[61, "PAD38", "T", 717.955, 424.31, 0],
		[62, "PAD39", "T", 698.275, 424.31, 0],
		[63, "PAD40", "T", 678.585, 424.31, 0],
		[64, "PAD41", "T", 658.905, 424.31, 0],
		[65, "PAD42", "T", 639.215, 424.31, 0],
		[66, "PAD43", "T", 619.535, 424.31, 0],
		[67, "PAD44", "T", 599.845, 424.31, 0],
		[68, "PAD45", "T", 580.165, 424.31, 0],
		[69, "PAD46", "T", 560.475, 424.31, 0],
		[70, "PAD47", "T", 540.785, 424.31, 0],
		[71, "PAD48", "T", 521.105, 424.31, 0],
		[72, "PAD49", "T", 501.415, 424.31, 0],
		[73, "PAD50", "T", 481.735, 424.31, 0],
		[74, "PAD51", "T", 462.045, 424.31, 0],
		[75, "PAD52", "T", 442.365, 424.31, 0],
		[76, "PAD53", "T", 422.675, 424.31, 0],
		[77, "PAD54", "T", 402.995, 424.31, 0],
		[78, "PAD55", "T", 383.305, 424.31, 0],
		[79, "PAD56", "T", 882.915, 525.69, 0],
		[80, "PAD57", "T", 297.085, 525.69, 0],
		[81, "PAD58", "B", 320.34, 830, 0],
		[82, "PAD59", "B", 379.66, 830, 0],
		[83, "PAD60", "B", 385.34, 350, 0],
		[84, "PAD61", "B", 444.66, 350, 0],
		[85, "PAD62", "B", 610.34, 750, 0],
		[86, "PAD63", "B", 669.66, 750, 0],
		[87, "PAD64", "B", 534.66, 750, 0],
		[88, "PAD65", "B", 475.34, 750, 0],
		[89, "PAD66", "T", 1039.7642, 160, 0],
		[90, "PAD66", "B", 1039.7642, 160, 0],
		[91, "PAD67", "T", 1039.7642, 260, 0],
		[92, "PAD67", "B", 1039.7642, 260, 0],
		[93, "PAD68", "T", 939.7642, 160, 0],
		[94, "PAD68", "B", 939.7642, 160, 0],
		[95, "PAD69", "T", 939.7642, 260, 0],
		[96, "PAD69", "B", 939.7642, 260, 0],
		[97, "PAD70", "T", 839.7642, 160, 0],
		[98, "PAD70", "B", 839.7642, 160, 0],
		[99, "PAD71", "T", 839.7642, 260, 0],
		[100, "PAD71", "B", 839.7642, 260, 0],
		[101, "PAD72", "T", 739.7642, 160, 0],
		[102, "PAD72", "B", 739.7642, 160, 0],
		[103, "PAD73", "T", 739.7642, 260, 0],
		[104, "PAD73", "B", 739.7642, 260, 0],
		[105, "PAD74", "T", 639.7642, 160, 0],
		[106, "PAD74", "B", 639.7642, 160, 0],
		[107, "PAD75", "T", 639.7642, 260, 0],
		[108, "PAD75", "B", 639.7642, 260, 0],
		[109, "PAD76", "T", 539.7642, 160, 0],
		[110, "PAD76", "B", 539.7642, 160, 0],
		[111, "PAD77", "T", 539.7642, 260, 0],
		[112, "PAD77", "B", 539.7642, 260, 0],
		[113, "PAD78", "T", 439.7642, 160, 0],
		[114, "PAD78", "B", 439.7642, 160, 0],
		[115, "PAD79", "T", 439.7642, 260, 0],
		[116, "PAD79", "B", 439.7642, 260, 0],
		[117, "PAD80", "T", 339.7642, 160, 0],
		[118, "PAD80", "B", 339.7642, 160, 0],
		[119, "PAD81", "T", 339.7642, 260, 0],
		[120, "PAD81", "B", 339.7642, 260, 0],
		[121, "PAD82", "T", 239.7642, 160, 0],
		[122, "PAD82", "B", 239.7642, 160, 0],
		[123, "PAD83", "T", 239.7642, 260, 0],
		[124, "PAD83", "B", 239.7642, 260, 0],
		[125, "PAD84", "T", 139.7642, 160, 0],
		[126, "PAD84", "B", 139.7642, 160, 0],
		[127, "PAD85", "T", 139.7642, 260, 0],
		[128, "PAD85", "B", 139.7642, 260, 0]
	]
},
"pins": {
	"fields": ["PIN_NO", "PIN_NAME", "PIN_X", "PIN_Y", "LAYER", "PIN_TYPE", "NET_NAME", "NET_TYPE", "PAD_SHAPE", "PAD_SIZEX", "PAD_SIZEY", "HOLE_SIZE", "HOLE_LEN", "PAD_ANGLE"],
	"rows": [
		[1, "C1_1", 382.24, 755, "B", "SMD", "AVDD_2V8", "", "R", 59.055, 53.5, 0, 0, 180],
		[2, "C1_2", 287.76, 755, "B", "SMD", "GND", "GND", "R", 59.055, 53.5, 0, 0, 180],
		[3, "C2_1", 327.44, 670, "B", "SMD", "GND", "GND", "R", 31.496, 35.433, 0, 0, 0],
		[4, "C2_2", 382.56, 670, "B", "SMD", "AVDD_2V8", "", "R", 31.496, 35.433, 0, 0, 0],
		[5, "C3_1", 327.44, 590, "B", "SMD", "GND", "GND", "R", 31.496, 35.433, 0, 0, 0],
		[6, "C3_2", 382.56, 590, "B", "SMD", "AVDD_2V8", "", "R", 31.496, 35.433, 0, 0, 0],
		[7, "C4_1", 150, 962.56, "B", "SMD", "GND", "GND", "R", 31.496, 35.433, 0, 0, 270],
		[8, "C4_2", 150, 907.44, "B", "SMD", "VBAT", "", "R", 31.496, 35.433, 0, 0, 270],
		[9, "C5_1", 390, 962.56, "B", "SMD", "GND", "GND", "R", 31.496, 35.433, 0, 0, 270],
		[10, "C5_2", 390, 907.44, "B", "SMD", "VDD_2V8", "", "R", 31.496, 35.433, 0, 0, 270],
		[11, "C6_1", 667.56, 670, "B", "SMD", "GND", "GND", "R", 31.496, 35.433, 0, 0, 180],
		[12, "C6_2", 612.44, 670, "B", "SMD", "DOVDD_2V8", "", "R", 31.496, 35.433, 0, 0, 180],
		[13, "C7_1", 667.56, 590, "B", "SMD", "GND", "GND", "R", 31.496, 35.433, 0, 0, 180],
		[14, "C7_2", 612.44, 590, "B", "SMD", "DOVDD_2V8", "", "R", 31.496, 35.433, 0, 0, 180],
		[15, "C8_1", 150, 1112.56, "B", "SMD", "GND", "GND", "R", 31.496, 35.433, 0, 0, 270],
		[16, "C8_2", 150, 1057.44, "B", "SMD", "VBAT", "", "R", 31.496, 35.433, 0, 0, 270],
		[17, "C9_1", 395, 1112.56, "B", "SMD", "GND", "GND", "R", 31.496, 35.433, 0, 0, 270],
		[18, "C9_2", 395, 1057.44, "B", "SMD", "VDD_1V5", "", "R", 31.496, 35.433, 0, 0, 270],
		[19, "C10_1", 477.44, 670, "B", "SMD", "GND", "GND", "R", 31.496, 35.433, 0, 0, 0],
		[20, "C10_2", 532.56, 670, "B", "SMD", "DVDD_1V5", "", "R", 31.496, 35.433, 0, 0, 0],
		[21, "C11_1", 477.44, 590, "B", "SMD", "GND", "GND", "R", 31.496, 35.433, 0, 0, 0],
		[22, "C11_2", 532.56, 590, "B", "SMD", "DVDD_1V5", "", "R", 31.496, 35.433, 0, 0, 0],
		[23, "FPC1_1", 816.385, 424.31, "T", "SMD", "NET_1", "", "R", 11.811, 49.213, 0, 0, 180],
		[24, "FPC1_2", 796.695, 424.31, "T", "SMD", "NET_2", "", "R", 11.811, 49.213, 0, 0, 180],
		[25, "FPC1_3", 777.015, 424.31, "T", "SMD", "CAM_D2", "", "R", 11.811, 49.213, 0, 0, 180],
		[26, "FPC1_4", 757.325, 424.31, "T", "SMD", "CAM_D1", "", "R", 11.811, 49.213, 0, 0, 180],
		[27, "FPC1_5", 737.645, 424.31, "T", "SMD", "CAM_D3", "", "R", 11.811, 49.213, 0, 0, 180],
		[28, "FPC1_6", 717.955, 424.31, "T", "SMD", "CAM_D0", "", "R", 11.811, 49.213, 0, 0, 180],
		[29, "FPC1_7", 698.275, 424.31, "T", "SMD", "CAM_D4", "", "R", 11.811, 49.213, 0, 0, 180],
		[30, "FPC1_8", 678.585, 424.31, "T", "SMD", "CAM_PCLK", "", "R", 11.811, 49.213, 0, 0, 180],
		[31, "FPC1_9", 658.905, 424.31, "T", "SMD", "CAM_D5", "", "R", 11.811, 49.213, 0, 0, 180],
		[32, "FPC1_10", 639.215, 424.31, "T", "SMD", "GND", "GND", "R", 11.811, 49.213, 0, 0, 180],
		[33, "FPC1_11", 619.535, 424.31, "T", "SMD", "CAM_D6", "", "R", 11.811, 49.213, 0, 0, 180],
		[34, "FPC1_12", 599.845, 424.31, "T", "SMD", "CAM_XCLK", "", "R", 11.811, 49.213, 0, 0, 180],
		[35, "FPC1_13", 580.165, 424.31, "T", "SMD", "CAM_D7", "", "R", 11.811, 49.213, 0, 0, 180],
		[36, "FPC1_14", 560.475, 424.31, "T", "SMD", "DOVDD_2V8", "", "R", 11.811, 49.213, 0, 0, 180],
		[37, "FPC1_15", 540.785, 424.31, "T", "SMD", "DVDD_1V5", "", "R", 11.811, 49.213, 0, 0, 180],
		[38, "FPC1_16", 521.105, 424.31, "T", "SMD", "CAM_HREF", "", "R", 11.811, 49.213, 0, 0, 180],
		[39, "FPC1_17", 501.415, 424.31, "T", "SMD", "CAM_PWDN", "", "R", 11.811, 49.213, 0, 0, 180],
		[40, "FPC1_18", 481.735, 424.31, "T", "SMD", "CAM_VSYNC", "", "R", 11.811, 49.213, 0, 0, 180],
		[41, "FPC1_19", 462.045, 424.31, "T", "SMD", "RST", "", "R", 11.811, 49.213, 0, 0, 180],
		[42, "FPC1_20", 442.365, 424.31, "T", "SMD", "I2C_SCL", "", "R", 11.811, 49.213, 0, 0, 180],
		[43, "FPC1_21", 422.675, 424.31, "T", "SMD", "AVDD_2V8", "", "R", 11.811, 49.213, 0, 0, 180],
		[44, "FPC1_22", 402.995, 424.31, "T", "SMD", "I2C_SDA", "", "R", 11.811, 49.213, 0, 0, 180],
		[45, "FPC1_23", 383.305, 424.31, "T", "SMD", "GND", "GND", "R", 11.811, 49.213, 0, 0, 180],
		[46, "FPC1_24", 363.625, 424.31, "T", "SMD", "NET_3", "", "R", 11.811, 49.213, 0, 0, 180],
		[47, "FPC1_25", 297.085, 525.69, "T", "SMD", "GND", "GND", "R", 78.74, 98.425, 0, 0, 180],
		[48, "FPC1_26", 882.915, 525.69, "T", "SMD", "GND", "GND", "R", 78.74, 98.425, 0, 0, 180],
		[49, "H1_1", 139.7642, 260, "T", "DIP", "LDO_CE", "", "R", 66.929, 66.929, 43.308, 43.308, 0],
		[50, "H1_1", 139.7642, 260, "B", "DIP", "LDO_CE", "", "R", 66.929, 66.929, 43.308, 43.308, 0],
		[51, "H1_2", 139.7642, 160, "T", "DIP", "GND", "GND", "C", 66.929, 66.929, 43.308, 43.308, 0],
		[52, "H1_2", 139.7642, 160, "B", "DIP", "GND", "GND", "C", 66.929, 66.929, 43.308, 43.308, 0],
		[53, "H1_3", 239.7642, 260, "T", "DIP", "RST", "", "C", 66.929, 66.929, 43.308, 43.308, 0],
		[54, "H1_3", 239.7642, 260, "B", "DIP", "RST", "", "C", 66.929, 66.929, 43.308, 43.308, 0],
		[55, "H1_4", 239.7642, 160, "T", "DIP", "VBAT", "", "C", 66.929, 66.929, 43.308, 43.308, 0],
		[56, "H1_4", 239.7642, 160, "B", "DIP", "VBAT", "", "C", 66.929, 66.929, 43.308, 43.308, 0],
		[57, "H1_5", 339.7642, 260, "T", "DIP", "CAM_VSYNC", "", "C", 66.929, 66.929, 43.308, 43.308, 0],
		[58, "H1_5", 339.7642, 260, "B", "DIP", "CAM_VSYNC", "", "C", 66.929, 66.929, 43.308, 43.308, 0],
		[59, "H1_6", 339.7642, 160, "T", "DIP", "CAM_PWDN", "", "C", 66.929, 66.929, 43.308, 43.308, 0],
		[60, "H1_6", 339.7642, 160, "B", "DIP", "CAM_PWDN", "", "C", 66.929, 66.929, 43.308, 43.308, 0],
		[61, "H1_7", 439.7642, 260, "T", "DIP", "GND", "GND", "C", 66.929, 66.929, 43.308, 43.308, 0],
		[62, "H1_7", 439.7642, 260, "B", "DIP", "GND", "GND", "C", 66.929, 66.929, 43.308, 43.308, 0],
		[63, "H1_8", 439.7642, 160, "T", "DIP", "CAM_HREF", "", "C", 66.929, 66.929, 43.308, 43.308, 0],
		[64, "H1_8", 439.7642, 160, "B", "DIP", "CAM_HREF", "", "C", 66.929, 66.929, 43.308, 43.308, 0],
		[65, "H1_9", 539.7642, 260, "T", "DIP", "CAM_XCLK", "", "C", 66.929, 66.929, 43.308, 43.308, 0],
		[66, "H1_9", 539.7642, 260, "B", "DIP", "CAM_XCLK", "", "C", 66.929, 66.929, 43.308, 43.308, 0],
		[67, "H1_10", 539.7642, 160, "T", "DIP", "CAM_D7", "", "C", 66.929, 66.929, 43.308, 43.308, 0],
		[68, "H1_10", 539.7642, 160, "B", "DIP", "CAM_D7", "", "C", 66.929, 66.929, 43.308, 43.308, 0],
		[69, "H1_11", 639.7642, 260, "T", "DIP", "CAM_D5", "", "C", 66.929, 66.929, 43.308, 43.308, 0],
		[70, "H1_11", 639.7642, 260, "B", "DIP", "CAM_D5", "", "C", 66.929, 66.929, 43.308, 43.308, 0],
		[71, "H1_12", 639.7642, 160, "T", "DIP", "CAM_D6", "", "C", 66.929, 66.929, 43.308, 43.308, 0],
		[72, "H1_12", 639.7642, 160, "B", "DIP", "CAM_D6", "", "C", 66.929, 66.929, 43.308, 43.308, 0],
		[73, "H1_13", 739.7642, 260, "T", "DIP", "CAM_D4", "", "C", 66.929, 66.929, 43.308, 43.308, 0],
		[74, "H1_13", 739.7642, 260, "B", "DIP", "CAM_D4", "", "C", 66.929, 66.929, 43.308, 43.308, 0],
		[75, "H1_14", 739.7642, 160, "T", "DIP", "CAM_PCLK", "", "C", 66.929, 66.929, 43.308, 43.308, 0],
		[76, "H1_14", 739.7642, 160, "B", "DIP", "CAM_PCLK", "", "C", 66.929, 66.929, 43.308, 43.308, 0],
		[77, "H1_15", 839.7642, 260, "T", "DIP", "CAM_D3", "", "C", 66.929, 66.929, 43.308, 43.308, 0],
		[78, "H1_15", 839.7642, 260, "B", "DIP", "CAM_D3", "", "C", 66.929, 66.929, 43.308, 43.308, 0],
		[79, "H1_16", 839.7642, 160, "T", "DIP", "CAM_D0", "", "C", 66.929, 66.929, 43.308, 43.308, 0],
		[80, "H1_16", 839.7642, 160, "B", "DIP", "CAM_D0", "", "C", 66.929, 66.929, 43.308, 43.308, 0],
		[81, "H1_17", 939.7642, 260, "T", "DIP", "I2C_SDA", "", "C", 66.929, 66.929, 43.308, 43.308, 0],
		[82, "H1_17", 939.7642, 260, "B", "DIP", "I2C_SDA", "", "C", 66.929, 66.929, 43.308, 43.308, 0],
		[83, "H1_18", 939.7642, 160, "T", "DIP", "CAM_D1", "", "C", 66.929, 66.929, 43.308, 43.308, 0],
		[84, "H1_18", 939.7642, 160, "B", "DIP", "CAM_D1", "", "C", 66.929, 66.929, 43.308, 43.308, 0],
		[85, "H1_19", 1039.7642, 260, "T", "DIP", "I2C_SCL", "", "C", 66.929, 66.929, 43.308, 43.308, 0],
		[86, "H1_19", 1039.7642, 260, "B", "DIP", "I2C_SCL", "", "C", 66.929, 66.929, 43.308, 43.308, 0],
		[87, "H1_20", 1039.7642, 160, "T", "DIP", "CAM_D2", "", "C", 66.929, 66.929, 43.308, 43.308, 0],
		[88, "H1_20", 1039.7642, 160, "B", "DIP", "CAM_D2", "", "C", 66.929, 66.929, 43.308, 43.308, 0],
		[89, "P1_1", 1062.9921, 1259.8425, "T", "DIP", "GND", "GND", "C", 126, 126, 126, 126, 180],
		[90, "P1_1", 1062.9921, 1259.8425, "B", "DIP", "GND", "GND", "C", 126, 126, 126, 126, 180],
		[91, "P2_1", 118.1102, 1259.8425, "T", "DIP", "GND", "GND", "C", 126, 126, 126, 126, 180],
		[92, "P2_1", 118.1102, 1259.8425, "B", "DIP", "GND", "GND", "C", 126, 126, 126, 126, 180],
		[93, "R1_1", 379.66, 830, "B", "SMD", "VDD_2V8", "", "R", 31.751, 34.016, 0, 0, 180],
		[94, "R1_2", 320.34, 830, "B", "SMD", "AVDD_2V8", "", "R", 31.751, 34.016, 0, 0, 180],
		[95, "R2_1", 444.66, 350, "B", "SMD", "CAM_PWDN", "", "R", 31.751, 34.016, 0, 0, 180],
		[96, "R2_2", 385.34, 350, "B", "SMD", "GND", "GND", "R", 31.751, 34.016, 0, 0, 180],
		[97, "R3_1", 669.66, 750, "B", "SMD", "VDD_2V8", "", "R", 31.751, 34.016, 0, 0, 180],
		[98, "R3_2", 610.34, 750, "B", "SMD", "DOVDD_2V8", "", "R", 31.751, 34.016, 0, 0, 180],
		[99, "R4_1", 475.34, 750, "B", "SMD", "VDD_1V5", "", "R", 31.751, 34.016, 0, 0, 0],
		[100, "R4_2", 534.66, 750, "B", "SMD", "DVDD_1V5", "", "R", 31.751, 34.016, 0, 0, 0],
		[101, "U1_1", 218.815, 907.5818, "B", "SMD", "VBAT", "", "R", 43.307, 23.622, 0, 0, 180],
		[102, "U1_2", 218.815, 944.9818, "B", "SMD", "GND", "GND", "R", 43.307, 23.622, 0, 0, 180],
		[103, "U1_3", 218.815, 982.3818, "B", "SMD", "LDO_CE", "", "R", 43.307, 23.622, 0, 0, 180],
		[104, "U1_4", 321.185, 982.3818, "B", "SMD", "NET_4", "", "R", 43.307, 23.622, 0, 0, 180],
		[105, "U1_5", 321.185, 907.5818, "B", "SMD", "VDD_2V8", "", "R", 43.307, 23.622, 0, 0, 180],
		[106, "U2_1", 223.815, 1057.5817, "B", "SMD", "VBAT", "", "R", 43.307, 23.622, 0, 0, 180],
		[107, "U2_2", 223.815, 1094.9817, "B", "SMD", "GND", "GND", "R", 43.307, 23.622, 0, 0, 180],
		[108, "U2_3", 223.815, 1132.3817, "B", "SMD", "LDO_CE", "", "R", 43.307, 23.622, 0, 0, 180],
		[109, "U2_4", 326.185, 1132.3817, "B", "SMD", "NET_5", "", "R", 43.307, 23.622, 0, 0, 180],
		[110, "U2_5", 326.185, 1057.5817, "B", "SMD", "VDD_1V5", "", "R", 43.307, 23.622, 0, 0, 180],
		[111, "PAD1_1", 590.5512, 1200, "B", "SMD", "GND", "GND", "C", 314.9606, 314.9606, 0, 0, 0],
		[112, "PAD2_1", 590.5512, 1200, "T", "SMD", "GND", "GND", "R", 314.9606, 314.9606, 0, 0, 0],
		[113, "PAD3_1", 382.24, 755, "B", "SMD", "AVDD_2V8", "", "R", 59.055, 53.5, 0, 0, 180],
		[114, "PAD4_2", 287.76, 755, "B", "SMD", "GND", "GND", "R", 59.055, 53.5, 0, 0, 180],
		[115, "PAD5_1", 1062.9921, 1259.8425, "T", "DIP", "GND", "GND", "C", 126, 126, 126, 126, 180],
		[116, "PAD5_1", 1062.9921, 1259.8425, "B", "DIP", "GND", "GND", "C", 126, 126, 126, 126, 180],
		[117, "PAD6_1", 118.1102, 1259.8425, "T", "DIP", "GND", "GND", "C", 126, 126, 126, 126, 180],
		[118, "PAD6_1", 118.1102, 1259.8425, "B", "DIP", "GND", "GND", "C", 126, 126, 126, 126, 180],
		[119, "PAD7_5", 321.185, 907.5818, "B", "SMD", "VDD_2V8", "", "R", 43.307, 23.622, 0, 0, 180],
		[120, "PAD8_3", 218.815, 982.3818, "B", "SMD", "LDO_CE", "", "R", 43.307, 23.622, 0, 0, 180],
		[121, "PAD9_2", 218.815, 944.9818, "B", "SMD", "GND", "GND", "R", 43.307, 23.622, 0, 0, 180],
		[122, "PAD10_1", 218.815, 907.5818, "B", "SMD", "VBAT", "", "R", 43.307, 23.622, 0, 0, 180],
		[123, "PAD11_5", 326.185, 1057.5817, "B", "SMD", "VDD_1V5", "", "R", 43.307, 23.622, 0, 0, 180],
		[124, "PAD12_3", 223.815, 1132.3817, "B", "SMD", "LDO_CE", "", "R", 43.307, 23.622, 0, 0, 180],
		[125, "PAD13_2", 223.815, 1094.9817, "B", "SMD", "GND", "GND", "R", 43.307, 23.622, 0, 0, 180],
		[126, "PAD14_1", 223.815, 1057.5817, "B", "SMD", "VBAT", "", "R", 43.307, 23.622, 0, 0, 180],
		[127, "PAD15_2", 382.56, 670, "B", "SMD", "AVDD_2V8", "", "R", 31.496, 35.433, 0, 0, 0],
		[128, "PAD16_1", 327.44, 670, "B", "SMD", "GND", "GND", "R", 31.496, 35.433, 0, 0, 0],
		[129, "PAD17_2", 382.56, 590, "B", "SMD", "AVDD_2V8", "", "R", 31.496, 35.433, 0, 0, 0],
		[130, "PAD18_1", 327.44, 590, "B", "SMD", "GND", "GND", "R", 31.496, 35.433, 0, 0, 0],
		[131, "PAD19_2", 150, 907.44, "B", "SMD", "VBAT", "", "R", 31.496, 35.433, 0, 0, 270],
		[132, "PAD20_1", 150, 962.56, "B", "SMD", "GND", "GND", "R", 31.496, 35.433, 0, 0, 270],
		[133, "PAD21_2", 390, 907.44, "B", "SMD", "VDD_2V8", "", "R", 31.496, 35.433, 0, 0, 270],
		[134, "PAD22_1", 390, 962.56, "B", "SMD", "GND", "GND", "R", 31.496, 35.433, 0, 0, 270],
		[135, "PAD23_2", 612.44, 670, "B", "SMD", "DOVDD_2V8", "", "R", 31.496, 35.433, 0, 0, 180],
		[136, "PAD24_1", 667.56, 670, "B", "SMD", "GND", "GND", "R", 31.496, 35.433, 0, 0, 180],
		[137, "PAD25_2", 612.44, 590, "B", "SMD", "DOVDD_2V8", "", "R", 31.496, 35.433, 0, 0, 180],
		[138, "PAD26_1", 667.56, 590, "B", "SMD", "GND", "GND", "R", 31.496, 35.433, 0, 0, 180],
		[139, "PAD27_2", 150, 1057.44, "B", "SMD", "VBAT", "", "R", 31.496, 35.433, 0, 0, 270],
		[140, "PAD28_1", 150, 1112.56, "B", "SMD", "GND", "GND", "R", 31.496, 35.433, 0, 0, 270],
		[141, "PAD29_2", 395, 1057.44, "B", "SMD", "VDD_1V5", "", "R", 31.496, 35.433, 0, 0, 270],
		[142, "PAD30_1", 395, 1112.56, "B", "SMD", "GND", "GND", "R", 31.496, 35.433, 0, 0, 270],
		[143, "PAD31_2", 532.56, 670, "B", "SMD", "DVDD_1V5", "", "R", 31.496, 35.433, 0, 0, 0],
		[144, "PAD32_1", 477.44, 670, "B", "SMD", "GND", "GND", "R", 31.496, 35.433, 0, 0, 0],
		[145, "PAD33_2", 532.56, 590, "B", "SMD", "DVDD_1V5", "", "R", 31.496, 35.433, 0, 0, 0],
		[146, "PAD34_1", 477.44, 590, "B", "SMD", "GND", "GND", "R", 31.496, 35.433, 0, 0, 0],
		[147, "PAD35_3", 777.015, 424.31, "T", "SMD", "CAM_D2", "", "R", 11.811, 49.213, 0, 0, 180],
		[148, "PAD36_4", 757.325, 424.31, "T", "SMD", "CAM_D1", "", "R", 11.811, 49.213, 0, 0, 180],
		[149, "PAD37_5", 737.645, 424.31, "T", "SMD", "CAM_D3", "", "R", 11.811, 49.213, 0, 0, 180],
		[150, "PAD38_6", 717.955, 424.31, "T", "SMD", "CAM_D0", "", "R", 11.811, 49.213, 0, 0, 180],
		[151, "PAD39_7", 698.275, 424.31, "T", "SMD", "CAM_D4", "", "R", 11.811, 49.213, 0, 0, 180],
		[152, "PAD40_8", 678.585, 424.31, "T", "SMD", "CAM_PCLK", "", "R", 11.811, 49.213, 0, 0, 180],
		[153, "PAD41_9", 658.905, 424.31, "T", "SMD", "CAM_D5", "", "R", 11.811, 49.213, 0, 0, 180],
		[154, "PAD42_10", 639.215, 424.31, "T", "SMD", "GND", "GND", "R", 11.811, 49.213, 0, 0, 180],
		[155, "PAD43_11", 619.535, 424.31, "T", "SMD", "CAM_D6", "", "R", 11.811, 49.213, 0, 0, 180],
		[156, "PAD44_12", 599.845, 424.31, "T", "SMD", "CAM_XCLK", "", "R", 11.811, 49.213, 0, 0, 180],
		[157, "PAD45_13", 580.165, 424.31, "T", "SMD", "CAM_D7", "", "R", 11.811, 49.213, 0, 0, 180],
		[158, "PAD46_14", 560.475, 424.31, "T", "SMD", "DOVDD_2V8", "", "R", 11.811, 49.213, 0, 0, 180],
		[159, "PAD47_15", 540.785, 424.31, "T", "SMD", "DVDD_1V5", "", "R", 11.811, 49.213, 0, 0, 180],
		[160, "PAD48_16", 521.105, 424.31, "T", "SMD", "CAM_HREF", "", "R", 11.811, 49.213, 0, 0, 180],
		[161, "PAD49_17", 501.415, 424.31, "T", "SMD", "CAM_PWDN", "", "R", 11.811, 49.213, 0, 0, 180],
		[162, "PAD50_18", 481.735, 424.31, "T", "SMD", "CAM_VSYNC", "", "R", 11.811, 49.213, 0, 0, 180],
		[163, "PAD51_19", 462.045, 424.31, "T", "SMD", "RST", "", "R", 11.811, 49.213, 0, 0, 180],
		[164, "PAD52_20", 442.365, 424.31, "T", "SMD", "I2C_SCL", "", "R", 11.811, 49.213, 0, 0, 180],
		[165, "PAD53_21", 422.675, 424.31, "T", "SMD", "AVDD_2V8", "", "R", 11.811, 49.213, 0, 0, 180],
		[166, "PAD54_22", 402.995, 424.31, "T", "SMD", "I2C_SDA", "", "R", 11.811, 49.213, 0, 0, 180],
		[167, "PAD55_23", 383.305, 424.31, "T", "SMD", "GND", "GND", "R", 11.811, 49.213, 0, 0, 180],
		[168, "PAD56_26", 882.915, 525.69, "T", "SMD", "GND", "GND", "R", 78.74, 98.425, 0, 0, 180],
		[169, "PAD57_25", 297.085, 525.69, "T", "SMD", "GND", "GND", "R", 78.74, 98.425, 0, 0, 180],
		[170, "PAD58_2", 320.34, 830, "B", "SMD", "AVDD_2V8", "", "R", 31.751, 34.016, 0, 0, 180],
		[171, "PAD59_1", 379.66, 830, "B", "SMD", "VDD_2V8", "", "R", 31.751, 34.016, 0, 0, 180],
		[172, "PAD60_2", 385.34, 350, "B", "SMD", "GND", "GND", "R", 31.751, 34.016, 0, 0, 180],
		[173, "PAD61_1", 444.66, 350, "B", "SMD", "CAM_PWDN", "", "R", 31.751, 34.016, 0, 0, 180],
		[174, "PAD62_2", 610.34, 750, "B", "SMD", "DOVDD_2V8", "", "R", 31.751, 34.016, 0, 0, 180],
		[175, "PAD63_1", 669.66, 750, "B", "SMD", "VDD_2V8", "", "R", 31.751, 34.016, 0, 0, 180],
		[176, "PAD64_2", 534.66, 750, "B", "SMD", "DVDD_1V5", "", "R", 31.751, 34.016, 0, 0, 0],
		[177, "PAD65_1", 475.34, 750, "B", "SMD", "VDD_1V5", "", "R", 31.751, 34.016, 0, 0, 0],
		[178, "PAD66_20", 1039.7642, 160, "T", "DIP", "CAM_D2", "", "C", 66.929, 66.929, 43.308, 43.308, 0],
		[179, "PAD66_20", 1039.7642, 160, "B", "DIP", "CAM_D2", "", "C", 66.929, 66.929, 43.308, 43.308, 0],
		[180, "PAD67_19", 1039.7642, 260, "T", "DIP", "I2C_SCL", "", "C", 66.929, 66.929, 43.308, 43.308, 0],
		[181, "PAD67_19", 1039.7642, 260, "B", "DIP", "I2C_SCL", "", "C", 66.929, 66.929, 43.308, 43.308, 0],
		[182, "PAD68_18", 939.7642, 160, "T", "DIP", "CAM_D1", "", "C", 66.929, 66.929, 43.308, 43.308, 0],
		[183, "PAD68_18", 939.7642, 160, "B", "DIP", "CAM_D1", "", "C", 66.929, 66.929, 43.308, 43.308, 0],
		[184, "PAD69_17", 939.7642, 260, "T", "DIP", "I2C_SDA", "", "C", 66.929, 66.929, 43.308, 43.308, 0],
		[185, "PAD69_17", 939.7642, 260, "B", "DIP", "I2C_SDA", "", "C", 66.929, 66.929, 43.308, 43.308, 0],
		[186, "PAD70_16", 839.7642, 160, "T", "DIP", "CAM_D0", "", "C", 66.929, 66.929, 43.308, 43.308, 0],
		[187, "PAD70_16", 839.7642, 160, "B", "DIP", "CAM_D0", "", "C", 66.929, 66.929, 43.308, 43.308, 0],
		[188, "PAD71_15", 839.7642, 260, "T", "DIP", "CAM_D3", "", "C", 66.929, 66.929, 43.308, 43.308, 0],
		[189, "PAD71_15", 839.7642, 260, "B", "DIP", "CAM_D3", "", "C", 66.929, 66.929, 43.308, 43.308, 0],
		[190, "PAD72_14", 739.7642, 160, "T", "DIP", "CAM_PCLK", "", "C", 66.929, 66.929, 43.308, 43.308, 0],
		[191, "PAD72_14", 739.7642, 160, "B", "DIP", "CAM_PCLK", "", "C", 66.929, 66.929, 43.308, 43.308, 0],
		[192, "PAD73_13", 739.7642, 260, "T", "DIP", "CAM_D4", "", "C", 66.929, 66.929, 43.308, 43.308, 0],
		[193, "PAD73_13", 739.7642, 260, "B", "DIP", "CAM_D4", "", "C", 66.929, 66.929, 43.308, 43.308, 0],
		[194, "PAD74_12", 639.7642, 160, "T", "DIP", "CAM_D6", "", "C", 66.929, 66.929, 43.308, 43.308, 0],
		[195, "PAD74_12", 639.7642, 160, "B", "DIP", "CAM_D6", "", "C", 66.929, 66.929, 43.308, 43.308, 0],
		[196, "PAD75_11", 639.7642, 260, "T", "DIP", "CAM_D5", "", "C", 66.929, 66.929, 43.308, 43.308, 0],
		[197, "PAD75_11", 639.7642, 260, "B", "DIP", "CAM_D5", "", "C", 66.929, 66.929, 43.308, 43.308, 0],
		[198, "PAD76_10", 539.7642, 160, "T", "DIP", "CAM_D7", "", "C", 66.929, 66.929, 43.308, 43.308, 0],
		[199, "PAD76_10", 539.7642, 160, "B", "DIP", "CAM_D7", "", "C", 66.929, 66.929, 43.308, 43.308, 0],
		[200, "PAD77_9", 539.7642, 260, "T", "DIP", "CAM_XCLK", "", "C", 66.929, 66.929, 43.308, 43.308, 0],
		[201, "PAD77_9", 539.7642, 260, "B", "DIP", "CAM_XCLK", "", "C", 66.929, 66.929, 43.308, 43.308, 0],
		[202, "PAD78_8", 439.7642, 160, "T", "DIP", "CAM_HREF", "", "C", 66.929, 66.929, 43.308, 43.308, 0],
		[203, "PAD78_8", 439.7642, 160, "B", "DIP", "CAM_HREF", "", "C", 66.929, 66.929, 43.308, 43.308, 0],
		[204, "PAD79_7", 439.7642, 260, "T", "DIP", "GND", "GND", "C", 66.929, 66.929, 43.308, 43.308, 0],
		[205, "PAD79_7", 439.7642, 260, "B", "DIP", "GND", "GND", "C", 66.929, 66.929, 43.308, 43.308, 0],
		[206, "PAD80_6", 339.7642, 160, "T", "DIP", "CAM_PWDN", "", "C", 66.929, 66.929, 43.308, 43.308, 0],
		[207, "PAD80_6", 339.7642, 160, "B", "DIP", "CAM_PWDN", "", "C", 66.929, 66.929, 43.308, 43.308, 0],
		[208, "PAD81_5", 339.7642, 260, "T", "DIP", "CAM_VSYNC", "", "C", 66.929, 66.929, 43.308, 43.308, 0],
		[209, "PAD81_5", 339.7642, 260, "B", "DIP", "CAM_VSYNC", "", "C", 66.929, 66.929, 43.308, 43.308, 0],
		[210, "PAD82_4", 239.7642, 160, "T", "DIP", "VBAT", "", "C", 66.929, 66.929, 43.308, 43.308, 0],
		[211, "PAD82_4", 239.7642, 160, "B", "DIP", "VBAT", "", "C", 66.929, 66.929, 43.308, 43.308, 0],
		[212, "PAD83_3", 239.7642, 260, "T", "DIP", "RST", "", "C", 66.929, 66.929, 43.308, 43.308, 0],
		[213, "PAD83_3", 239.7642, 260, "B", "DIP", "RST", "", "C", 66.929, 66.929, 43.308, 43.308, 0],
		[214, "PAD84_2", 139.7642, 160, "T", "DIP", "GND", "GND", "C", 66.929, 66.929, 43.308, 43.308, 0],
		[215, "PAD84_2", 139.7642, 160, "B", "DIP", "GND", "GND", "C", 66.929, 66.929, 43.308, 43.308, 0],
		[216, "PAD85_1", 139.7642, 260, "T", "DIP", "LDO_CE", "", "R", 66.929, 66.929, 43.308, 43.308, 0],
		[217, "PAD85_1", 139.7642, 260, "B", "DIP", "LDO_CE", "", "R", 66.929, 66.929, 43.308, 43.308, 0]
	]
}
}